a%0,b%1,c
a,20131024,padding
a,20131025,x1
a,20131026,padding
a,20131027,padding
a,20131028,padding
a,20131029,x2
a,20131030,x3
a,20131031,padding
a,20131101,padding
a,20131102,x4
a,20131103,x5
a,20131104,padding
a,20131105,padding
a,20131106,padding
a,20131107,padding
b,20131024,padding
b,20131025,padding
b,20131026,padding
b,20131027,padding
b,20131028,padding
b,20131029,padding
b,20131030,padding
b,20131031,padding
b,20131101,x6
b,20131102,x8
b,20131102,x7
b,20131103,x9
b,20131104,x10
b,20131105,x11
b,20131106,padding
b,20131107,padding
