20130402,20130505,20130402,1,20130505
20130403,20130508,20130402,1,20130505
20130403,20130508,20130403,13,20130508
20130404,20130501,20130402,1,20130505
20130404,20130501,20130403,13,20130508
20130404,20130501,20130404,4,20130501
20130406,20130510,20130402,1,20130505
20130406,20130510,20130403,13,20130508
20130406,20130510,20130404,4,20130501
20130406,20130510,20130406,5,20130510
20130407,20130511,20130402,1,20130505
20130407,20130511,20130403,13,20130508
20130407,20130511,20130404,4,20130501
20130407,20130511,20130406,5,20130510
20130407,20130511,20130407,6,20130511
